category,published_at,title,link,summary,content
경제,,"세종에 ‘동화 속 크리스마스 마을’이?···베어트리파크, 겨울 축제 개최",https://www.khan.co.kr/article/202511281544001/?utm_source=khan_rss&utm_medium=rss&utm_campaign=economy_news,"29일부터 내년 1월18일까지미디어 트리·레드카펫 계단 등 조성베어트리파크 설경. 베어트리파크 제공세종에 있는 베어트리파크가 겨울 정원과 미디어 트리, 동화 콘셉트 포토존을 결합한 겨울 축제를 선보인다.베어트리파크는 29일부터 내년 1월18일까지 ‘크리스마스 판타지: 동화 속으로’를 개최한다고 28일 밝혔다. 지난해 겨울 시작해 올해로 3회째를 맞는 이번 ···","29일부터 내년 1월18일까지 미디어 트리·레드카펫 계단 등 조성 베어트리파크 설경. 베어트리파크 제공 세종에 있는 베어트리파크가 겨울 정원과 미디어 트리, 동화 콘셉트 포토존을 결합한 겨울 축제를 선보인다. 베어트리파크는 29일부터 내년 1월18일까지 ‘크리스마스 판타지: 동화 속으로’를 개최한다고 28일 밝혔다. 지난해 겨울 시작해 올해로 3회째를 맞는 이번 행사는 동화 속 크리스마스 마을을 모티브로 다양한 포토존과 콘텐츠를 선보인다. 베어트리파크 메인 광장에는 15m 높이의 대형 미디어 트리(비트리)가 설치됐다. 크리스마스 캐럴과 조명이 어우러진 미디어 트리 쇼는 크리스마스 당일 일몰 후인 오후 5시45분과 6시30분, 두 차례 약 5분씩 진행된다. 웰컴 하우스 앞 블리스 가든에는 여러 개의 대형 크리스마스 트리와 산타 카트 등이 설치돼 크리스마스 마을 분위기를 연출한다. 정원 곳곳에는 동화 속 동물을 주제로 한 포토존도 마련돼 관람객들이 다양한 사진을 남길 수 있다. 베어트리파크 레드카펫 계단. 베어트리파크 제공 올해로 3년째 운영되는 웰컴 하우스의 레드카펫 계단은 베어트리파크 겨울 축제의 대표 포토존으로 자리 잡았다. 화려한 트리를 배경으로 레드카펫을 걸으면 동화 속 궁전의 주인공이 된 듯한 분위기를 연출한다. 다음달 한 달간 주말과 크리스마스 당일에는 미니 마켓이 운영돼 다양한 크리스마스 소품을 판매한다. 또 산타로 분장한 곰 인형을 찾는 게임, 룰렛 돌리기 등 관람객 참여형 이벤트도 진행되며, 우승자에게는 기념 선물이 제공된다. 베어트리파크는 반달곰·불곰 100여마리를 보유한 동물원이자 수목원으로, 겨울잠을 자지 않는 곰에게 먹이를 주는 체험이 가능해 가족 단위 방문객에게 인기가 높다. 열대식물과 분재를 전시한 실내 식물원, 비단잉어의 겨울 보금자리인 ‘윈터 하우스’도 겨울철 필수 관람 코스로 꼽힌다. 축제 조명은 오후 4시30분에 점등되며 관람은 오후 7시까지(금~일은 오후 8시까지) 가능하다. 베어트리파크 반달곰. 베어트리파크 제공"
경제,,마약 범죄 의심 ‘계좌 선제적 정지’ 추진…탈세 전력 있으면 가상자산사업자 ‘대주주’ 불가,https://www.khan.co.kr/article/202511281536001/?utm_source=khan_rss&utm_medium=rss&utm_campaign=economy_news,금융위원회 제공금융당국이 초국경 범죄에 활용되는 자금 세탁을 막기 위해 선제적으로 계좌를 정지하는 방안을 추진한다.이억원 금융위원장은 28일 서울시 중구 은행연합회에서 열린 ‘제19회 자금세탁방지의 날’ 기념식에서 “범죄에 사용된 것으로 의심되는 계좌는 범죄 자금이 수사 중에 빠져나가지 않도록 선제적 계좌 정지 제도 도입을 추진하겠다”고 말했다.현재 은행을···,"금융당국이 초국경 범죄에 활용되는 자금 세탁을 막기 위해 선제적으로 계좌를 정지하는 방안을 추진한다. 이억원 금융위원장은 28일 서울시 중구 은행연합회에서 열린 ‘제19회 자금세탁방지의 날’ 기념식에서 “범죄에 사용된 것으로 의심되는 계좌는 범죄 자금이 수사 중에 빠져나가지 않도록 선제적 계좌 정지 제도 도입을 추진하겠다”고 말했다. 현재 은행을 비롯한 금융회사는 통신사기피해환급법에 근거해 사기 전화(보이스피싱)로 의심되는 거래의 계좌를 검찰 수사나 법원 명령 없이 정지하고 있다. 반면 마약이나 도박 등 이외 민생 침해 범죄들은 법원의 몰수추징보전명령 등 전까진 계좌 정지를 하지 못한다. 금융당국은 마약과 도박, 테러 자금 조달 등으로 의심되는 중대 민생 범죄는 금융정보분석원(FIU)이 금융사에 계좌 정지를 명령할 수 있도록 내년 상반기 안에 ‘특정금융정보법’ 개정안을 국회 제출할 예정이다. 과도한 정지의 부작용을 막기 위해 계좌 정지 요건은 범죄와의 관련성이 충분히 입증된 경우 등으로 제한하고, 정지 기간도 30영업일에서 필요시 1회 연장하는 등의 방식으로 한정할 계획이다. 이와 함께 계좌 정지의 신속성과 정확성을 확보하기 위한 인공지능(AI) 심사분석시스템도 도입한다. 금융당국은 가상자산을 악용한 자금 세탁 범죄에 대응하고자 사업자 신고 제도 등도 손질한다. 마약과 탈세 등 범죄 전력이 있으면 가상자산사업자의 대주주가 될 수 없게 막고, 재무 상태나 사회적 신용 요건도 확인할 계획이다. 또 100만원 이상 거래에만 적용되던 가상자산 송·수신 정보추적 규제인 ‘트래블 룰’을 100만원 이하 거래까지 확대하고, 자금 세탁 위험이 큰 해외거래소와는 가상자산 거래 자체를 차단할 방침이다. 자금 세탁 방지를 위한 국제 협력도 강화한다. 금융당국은 내년 4월 예정된 FATF(국제자금세탁방지기구) 장관급 회의 등을 통해 국제 사이버 사기에 대응하는 국제 공조 방안을 마련할 계획이다. 이 위원장은 “국경을 넘어서는 자금 세탁 범죄 대응을 위해 국제 협력을 강화하겠다”며 “효율적 자금 세탁 방지 체계를 갖추는 것은 우리 국민 모두를 위한 것”이라고 말했다."
경제,,"현대차그룹, 제주서 V2G 기술 첫선…“전기차를 전력 저장 장치로 활용”",https://www.khan.co.kr/article/202511281519001/?utm_source=khan_rss&utm_medium=rss&utm_campaign=economy_news,현대차그룹 로고현대차그룹이 전기차 배터리를 전력 에너지 자원으로 활용할 수 있는 전기차·전력망 연계(V2G·Vehicle-To-Grid)) 기술을 국내 최초로 선보인다.현대차그룹은 지난 9월 제주도와 맺은 ‘그린 수소 및 분산 에너지 생태계 조성을 위한 업무협약’의 일환으로 다음 달 말 제주도에서 V2G 시범 서비스를 개시한다고 28일 밝혔다.V2G는 전용···,"현대차그룹이 전기차 배터리를 전력 에너지 자원으로 활용할 수 있는 전기차·전력망 연계(V2G·Vehicle-To-Grid)) 기술을 국내 최초로 선보인다. 현대차그룹은 지난 9월 제주도와 맺은 ‘그린 수소 및 분산 에너지 생태계 조성을 위한 업무협약’의 일환으로 다음 달 말 제주도에서 V2G 시범 서비스를 개시한다고 28일 밝혔다. V2G는 전용 양방향 충전기를 통해 전기차 배터리를 충전할 뿐만 아니라 전기차에서 전력망으로 전력을 공급하는 등 전기차를 전력 저장장치로 활용하는 기술이다. 현대차그룹의 V2G 서비스는 전기차·충전기·전력망 간 상호 통신을 기반으로 전력 수요·공급과 전력 가격 등을 고려해 최적의 충·방전 시점과 전력량을 결정한다. 전력 수요가 상대적으로 적고 가격이 저렴한 시간대에는 차량이 전력을 충전하고, 전력 수요와 가격이 높은 시간대에는 전기차의 남은 전력이 차량에서 전력망으로 방전되는 방식이다. 현대차·기아가 전반적인 사업 운영과 V2G 기술 검증을 담당하고, 현대엔지니어링은 충전 서비스 분석 및 고도화 방안을 수립한다. 제주도청은 관련 조례 및 제도 개선을, 한국전력은 전기차와 배전망 연계를 맡기로 했다. 현대차그룹은 이번 V2G 시범 서비스가 상용화할 시 전력의 불균형한 수요 공급을 조정해 전력망 안정에 기여할 것으로 기대했다. 또 풍력과 태양광 발전 비중이 높은 제주도 특성상 낮에 남은 잉여 전력을 전기차가 흡수하고 밤에 다시 전력망에 공급할 수 있어 재생에너지의 활용도와 경제성도 높일 수 있다고 설명했다. 현대차그룹은 다음 달 초부터 아이오닉9이나 EV9을 소유하고 자택이나 직장에 충전기를 설치할 수 있는 고객을 대상으로 시범 서비스 참여 고객을 모집한다. 현대차그룹은 서비스 참여 고객에게 무료로 양방향 충전기를 설치해주고, 운영 기간 동안 차량 충전 요금을 전액 지원할 방침이다. 현대차그룹은 향후 관련 제도가 갖춰지면 제주도에 V2G 서비스를 상용화하고 정부 및 지자체와 협의해 다른 지역에도 서비스를 확대할 계획이다. 현대차그룹 미래전략본부 정호근 부사장은 “V2G로 대표되는 전기차 활용 전력 기술이 전기차 고객에게 새로운 모빌리티 경험을 선사할 것”이라고 말했다. 현대차 아이오닉9. 현대차그룹 제공"
경제,,"한화오션, 1조700억원 규모 컨테이너선 4척 수주",https://www.khan.co.kr/article/202511281501001/?utm_source=khan_rss&utm_medium=rss&utm_campaign=economy_news,"한화오션 거제사업장 전경. 한화오션 제공한화오션이 HMM으로부터 1조700억원 규모의 컨테이너선 4척을 수주했다.한화오션은 전날 HMM과 컨테이너선 4척에 대한 수주 계약을 체결했다고 28일 공시했다. 수주 규모는 1조707조원으로, 한화오션 지난해 매출액(10조7760억원) 대비 9.9%에 해당한다. 계약 기간은 2029년 2월28일까지다.한화오션이 HM···","한화오션 거제사업장 전경. 한화오션 제공 한화오션이 HMM으로부터 1조700억원 규모의 컨테이너선 4척을 수주했다. 한화오션은 전날 HMM과 컨테이너선 4척에 대한 수주 계약을 체결했다고 28일 공시했다. 수주 규모는 1조707조원으로, 한화오션 지난해 매출액(10조7760억원) 대비 9.9%에 해당한다. 계약 기간은 2029년 2월28일까지다. 한화오션이 HMM으로부터 수주한 컨테이너선 4척은 길이 337ｍ, 너비 51ｍ, 높이 27.9ｍ 크기로 1만3000TEU(1TEU는 6.1ｍ 길이의 표준 컨테이너선 하나 크기) 규모다. 액화천연가스(LNG)와 기존 연료를 사용할 수 있는 추진 엔진 등을 탑재해 운항 효율을 높였다. 이는 HD한국조선해양이 지난 21일 HMM으로부터 수주한 1만3400TEU급 컨테이너선 8척과 비슷한 규모다. HMM은 지난달 16일 4조원이 넘는 투자 사실을 알리며 1만3000TEU급 컨테이너선 12척은 모두 국내 조선소에 발주할 예정이라고 밝힌 바 있는데, HD한국조선해양과 한화오션이 각 8척과 4척씩 나눠 수주한 것이다. 한화오션 관계자는 “이번 수주는 선사의 2030 중장기 전략에 부합하는 선대 확장을 지원하기 위한 것”이라며 “친환경·고부가가치 선박을 제공함으로써 선사의 친환경 선박으로의 전환에 대한 대응은 물론 국내 해운·조선 산업의 미래 경쟁력 강화에 기여할 것으로 기대한다”고 밝혔다."
경제,,"올리브영, ‘2025 어워즈’ 선정…내달 6일까지 ‘올영 세일’",https://www.khan.co.kr/article/202511281448001/?utm_source=khan_rss&utm_medium=rss&utm_campaign=economy_news,CJ올리브영“올해 올리브영에서 가장 많이 사랑을 받은 상품은 무엇일까.”CJ올리브영이 ‘2025 올리브영 어워즈’를 선정하고 ‘올영세일’에서 수상 제품을 할인 판매한다. ‘올리브영 어워즈’는 연간 고객 구매 빅데이터를 기반으로 부문별 인기 상품을 선정해 발표하는 연말 트렌드 결산 행사다.28일 올리브영에 따르면 지난해 7월부터 올해 6월까지 1년간 1억80···,"“올해 올리브영에서 가장 많이 사랑을 받은 상품은 무엇일까.” CJ올리브영이 ‘2025 올리브영 어워즈’를 선정하고 ‘올영세일’에서 수상 제품을 할인 판매한다. ‘올리브영 어워즈’는 연간 고객 구매 빅데이터를 기반으로 부문별 인기 상품을 선정해 발표하는 연말 트렌드 결산 행사다. 28일 올리브영에 따르면 지난해 7월부터 올해 6월까지 1년간 1억8000만건에 달하는 고객 구매 데이터와 카테고리별 최신 트렌드를 분석해 총 40개 부문 166개의 K뷰티·웰니스 상품을 선정했다. 이번 어워즈는 국내 37개, 글로벌 3개 부문으로 나눴다. 국내의 경우 올해 변화하는 트렌드와 고객 니즈를 반영해 시상 부문을 확대했다. 집에서 스스로 관리하는 ‘홈케어’가 늘어난 만큼 ‘셀프뷰티’ 부문을 신설하고, 개인의 취향을 우선 고려해 상품을 선택하는 ‘취향 소비’에 맞춰 패션·취미·리빙용품을 아우르는 ‘라이프스타일’을 추가했다. 또 얼굴에서 손까지 관리 영역이 확장됨에 따라 ‘핸드케어’를, 양치 후 구취를 관리하는 ‘구강애프터케어’도 도입했다. 글로벌에서는 세계적으로 K뷰티 인기가 높아지는 것과 관련 베스트퍼포머, 라이징, 루키 등 3개 부문을 신설했다. 국내 오프라인 매장의 구매 데이터와 해외 150개국에서 이용할 수 있는 ‘올리브영 글로벌몰’의 구매 데이터를 반영해 선정했다. 올리브영은 한 해 가장 많이 사랑받은 어워즈 수상 상품을 더 많은 고객들이 경험할 수 있도록 오는 30일부터 12월 6일까지 ‘올영세일’을 통해 싸게 선보인다. 대표적으로 연속 수상 베스트셀러·신규 선정 트렌디 상품들을 대용량, 1+1, 굿즈 증정 등의 한정 기획 상품으로 구성했다. 어워즈에서만 볼 수 있는 컬래버 상품도 확대했다. ‘먼작귀’, ‘짱구’, ‘주토피아’ 등 인기 캐릭터부터 ‘엽기떡볶이’, ‘위글위글’ 등과 협업한 상품을 선보인다. 이번 컬래버에는 딜라이트 프로젝트, 레고트, 메디큐브 에이지알 등 8개 브랜드가 참여한다. 올리브영 관계자는 “어워즈는 한 해 K뷰티의 성장을 이끈 브랜드와 인기 상품을 총망라, 주목할 만한 카테고리별 트렌드를 엿볼 수 있는 행사”라며 “K뷰티 대표 플랫폼으로서 앞으로도 고객들이 새로운 브랜드를 발견하고 경험할 수 있도록 노력할 것”이라고 말했다."
경제,,국민연금 ‘국장’ 수익률 47.3%···국장 덕에 연금 150조원 늘었다,https://www.khan.co.kr/article/202511281439011/?utm_source=khan_rss&utm_medium=rss&utm_campaign=economy_news,28일 서울 중구 하나은행 딜링룸 현황판에 코스피 지수가 표시되고 있다. 연합뉴스국민연금이 국내주식에서 50% 가까운 수익률을 기록하면서 올해 3분기 국민연금 누적적립금이 전년보다 150조원 늘어난 것으로 나타났다. 코스피가 4분기에도 크게 뛰었던 것을 감안하면 올해 국민연금 수익률은 더욱 높아질 전망이다.국민연금공단 기금운용본부는 28일 9월말 기금 운용···,"28일 서울 중구 하나은행 딜링룸 현황판에 코스피 지수가 표시되고 있다. 연합뉴스 국민연금이 국내주식에서 50% 가까운 수익률을 기록하면서 올해 3분기 국민연금 누적적립금이 전년보다 150조원 늘어난 것으로 나타났다. 코스피가 4분기에도 크게 뛰었던 것을 감안하면 올해 국민연금 수익률은 더욱 높아질 전망이다. 국민연금공단 기금운용본부는 28일 9월말 기금 운용수익률이 11.31%로 잠정 집계됐다고 밝혔다. 국민연금 기금적립금은 1361조 원으로 전년 말 대비 148조4000억원 늘어났다. 9월말 기준으로 국민연금 수익률이 두자릿수를 넘긴 것은 2020년대 들어 처음일 정도로 이례적인 성과다. 국민연금이 ‘역대급’ 수익률을 기록한 데엔 ‘국장(국내증시)’ 강세의 영향이 컸다. 자산군별 수익률을 살펴보면 국내주식 47.30%, 해외주식 12.95%, 국내채권 2.51%, 대체투자 1.46%, 해외채권 0.27%로 국내주식의 영향력이 컸다. 국민연금은 “이번 성과는 국내외 주식시장에서 인공지능(AI)과 반도체 관련 종목이 강세를 보이며 전체 수익률을 견인한 결과”라며 “가장 높은 성과를 기록한 국내주식은 새정부 정책 기대와 반도체·기술주 중심의 상승세로 인해 50%에 가까운 수익률을 기록했다”고 밝혔다. 국민연금의 9월말 국내주식 평가액은 211조9220억원으로 전년말 대비 72조2000억원 증가했고, 해외주식 평가액은 508조1590억원으로 같은 기간 77조1620억원 늘었다. 국내주식과 해외주식이 올해 국민연금 증가분의 각각 절반을 책임진 셈이다. 특히, 전체 자산 중 국내주식 운용비중이 15.6%, 해외주식이 37.3%로 국내주식 비중이 적었다는 것을 감안하면 전체 연금을 불리는 데 있어 국내주식의 기여도가 상당했던 셈이다. 지난 3년(2022~2024년) 동안 해외주식은 16.5%의 수익률을 기록한 반면, 국내주식은 -4.64%로 오히려 연금손실에 일조했던 것을 감안하면 분위기가 180도 바뀐 것이다. 올해 국민연금의 국내주식과 전체 수익률은 더욱 높아질 전망이다. 국민연금은 3분기까지 국내주식에서 벤치마크(기준지수)인 코스피 수익률(42.72%)을 4.58%포인트 상회했는데, 4분기 이후에도 코스피 상승세가 계속됐기 때문이다. 코스피는 4분기(10월~11월27일) 16.42% 올랐고, 올해엔 총 66.16% 상승했다. 해외주식 수익률 또한 늘어날 것으로 보인다. 국민연금의 해외주식 수익률은 벤치마크(원화 환산 MSCI 한국 제외 전세계 지수, 17.84%)보다 -4.89% 낮았다. 9월말 원·달러환율이 전년말 대비 4% 가량 하락했기 때문이다. 그러나 글로벌 증시가 3분기 대비 소폭 상승하고 환율이 달러당 1450원을 넘기고 있는 만큼 원화로 환산된 해외주식 수익률은 늘어날 전망이다."
경제,,신세계사이먼 “겨울 옷 필수아이템 올해 마지막 세일에서 챙기세요”,https://www.khan.co.kr/article/202511281438001/?utm_source=khan_rss&utm_medium=rss&utm_campaign=economy_news,신세계 사이먼 프리미엄 아울렛“겨울 필수 아이템 이번 기회에 챙기세요 ”신세계사이먼이 오는 12월 7일까지 열흘간 여주·파주·부산·시흥 프리미엄 아울렛에서 ‘사이먼 블랙프라이데이’ 행사를 펼친다.28일 신세계사이먼에 따르면 올해 마지막 이번 할인행사에서는 스포츠·아웃도어부터 해외 명품까지 브랜드마다 풍성한 쇼핑 혜택을 제공한다.겨울 아우터의 경우 내셔널 지···,"신세계 사이먼 프리미엄 아울렛 “겨울 필수 아이템 이번 기회에 챙기세요 ” 신세계사이먼이 오는 12월 7일까지 열흘간 여주·파주·부산·시흥 프리미엄 아울렛에서 ‘사이먼 블랙프라이데이’ 행사를 펼친다. 28일 신세계사이먼에 따르면 올해 마지막 이번 할인행사에서는 스포츠·아웃도어부터 해외 명품까지 브랜드마다 풍성한 쇼핑 혜택을 제공한다. 겨울 아우터의 경우 내셔널 지오그래픽, 컬럼비아 스포츠웨어, 네파, 아이더 등 브랜드들이 롱패딩, 구스다운 등 겨울 필수 아이템을 싸게 판다. 스노우피크, 다이나핏, 코닥에서는 아우터 특가 상품도 마련했다. 여주 프리미엄 아울렛 단독 입점 브랜드는 특별 혜택을 제공한다. 질 샌더는 아웃렛 가격에서 최대 50% 할인, 이브살로몬, 앤드원더, 페트레이는 아웃렛 가격에서 추가 10% 할인 판매한다. 스포츠&아웃도어 프리미엄 멀티숍 오프아웃에서는 트레일러닝화와 캠핑 용품을 싸게 내놓는다. 아르마니 스토어, 브루넬로 쿠치넬리, 보스, 폴 스미스 등 해외 명품 입점 브랜드도 다양한 혜택을 준비했다. 신세계사이먼 관계자는 “따뜻한 겨울을 보내기 위해 필요한 인기 브랜드의 아우터 상품을 합리적으로 준비할 수 있는 기회”라면서 “크리스마스 분위기로 꾸며진 화려한 아울렛에서 선물 같은 연말 쇼핑의 즐거움까지 느껴보시길 바란다”고 말했다."
경제,,삼성바이오로직스 7조 들여 송도에 ‘의약품 바이오 빌리지’ 조성,https://www.khan.co.kr/article/202511281433011/?utm_source=khan_rss&utm_medium=rss&utm_campaign=economy_news,"28일 인천시청에서 유정복 인천시장(중앙)과 존림 삼성바이오로직스 대표이사(왼쪽),  윤원석 인천경제자유구역청장이  ‘삼성바이오로직스 제3캠퍼스 투자계약 체결식’을 가진 뒤 기념촬영을 하고 있다. 인천시 제공송도 11공구 18만7427㎡에 ‘제3캠퍼스’인천경제청과 ‘토지매매계약’ 체결인천경제청이 송도에 있는 삼성바이오로직스에 제3캠퍼스로 조성될 토지를 공급···","송도 11공구 18만7427㎡에 ‘제3캠퍼스’ 인천경제청과 ‘토지매매계약’ 체결 28일 인천시청에서 유정복 인천시장(중앙)과 존림 삼성바이오로직스 대표이사(왼쪽),  윤원석 인천경제자유구역청장이  ‘삼성바이오로직스 제3캠퍼스 투자계약 체결식’을 가진 뒤 기념촬영을 하고 있다. 인천시 제공 인천경제청이 송도에 있는 삼성바이오로직스에 제3캠퍼스로 조성될 토지를 공급한다. 인천경제자유구역청은 28일 송도 11공구 첨단산업클러스터 산업시설용지 18만7427㎡를 2487억원에 삼성바이오로직스에 공급하기로 토지매매계약을 체결했다고 밝혔다. 인천경제청은 지난 2월 사업자 공모에 착수해 6월 우선협상대상자로 삼성바이오로직스를 선정했고, 7월 인천시 투자유치기획위원회 보고를 마쳤다. 삼성바이오로직스는 2011년 4월 설립해 78만ℓ의 생산설비를 갖춘 항체의약품 제조·연구시설과 항체약물접합기술 기반 바이오의약품 제조·연구시설을 갖췄다. 지난해 매출은 4조5000억원이다. 삼성바이오로직스는 기존 제1캠퍼스(27만4000㎡)에서 60만4000ℓ의 생산능력을 갖춘 1∼4공장을 운영하고 있다. 이어 5∼8공장 대상지인 제2캠퍼스(35만7366㎡)는 72만ℓ의 생산능력을 갖출 예정이며, 앞서 완공된 5공장에 이어 6공장 증설을 검토하고 있다. 이번에 공급된 제3캠퍼스에는 7조원을 투자해 세포·유전자치료제에, 항체 백신 등 차세대 의약품의 개발, 제조, 상업화가 함께 이루어지는 혁신 의약품 바이오 빌리지를 구축하겠다는 구상이다. 유정복 인천시장은 “어려운 경영환경 상황에서도 송도에 제3캠퍼스 조성을 위한 대규모 투자를 결정해 준 삼성바이오로직스에 감사하다”고 말했다. 존림 삼성바이오로직스 대표이사는 “이번 제3캠퍼스 투자는 신성장동력 확보를 위한 것으로 삼성바이오로직스가 글로벌 바이오 1위기업으로 성장하는 또 한 번의 중요한 계기가 될 것으로 기대하고 있다”고 말했다."
경제,,"업비트 ‘445억 해킹’ 배후는 북한?…“6년 전 같은 날, 라자루스 소행 유력”",https://www.khan.co.kr/article/202511281433001/?utm_source=khan_rss&utm_medium=rss&utm_campaign=economy_news,일러스트 | NEWS IMAGE국내 가상자산 거래소 업비트에서 발생한 445억원 규모 가상자산 해킹 사고의 배후로 북한 정찰총국 소속 해커집단 ‘라자루스’가 거론되고 있다.28일 정보기술(IT) 업계에 따르면 전날 발생한 해킹 사고는 라자루스의 소행일 가능성이 있다. 보안 당국도 라자루스 연계 가능성을 열어두고 조사 중인 것으로 알려졌다.라자루스는 2019···,"일러스트 | NEWS IMAGE 국내 가상자산 거래소 업비트에서 발생한 445억원 규모 가상자산 해킹 사고의 배후로 북한 정찰총국 소속 해커집단 ‘라자루스’가 거론되고 있다. 28일 정보기술(IT) 업계에 따르면 전날 발생한 해킹 사고는 라자루스의 소행일 가능성이 있다. 보안 당국도 라자루스 연계 가능성을 열어두고 조사 중인 것으로 알려졌다. 라자루스는 2019년 11월27일 업비트에 보관된 580억원 규모의 이더리움이 탈취된 사건에 가담한 것으로 지목된 집단이다. 경찰청 수사본부는 지난해 11월 북한 정찰총국 소속 라자루스와 안다리엘 2개 조직이 범행에 가담한 사실을 파악했다고 밝혔다. 북한 해커조직은 외화 확보를 위해 가상자산 해킹을 지속해왔다. 6년 전과 같은 날 업비트에서 해킹 사고가 되풀이됐다. 두 건 모두 핫월렛(인터넷과 연결된 개인지갑)에서 발생했다. 익명을 요구한 보안 전문가는 “북한이 올해 가상자산 거래소 해킹을 통해 20억달러를 탈취했다”며 “라자루스의 능력은 엄청난 수준인 만큼 이번에도 북한이 유력하다”고 말했다. 이 전문가는 “해킹은 침투 후 몇 달간 어떻게 결제가 이뤄지는지 시스템을 살핀 다음 취약점을 찾아 공격 시나리오를 만들고 ‘D 데이’를 정해 실행하는 방식”이라고 설명했다. 그는 “해커들은 과시욕이 있어 일부러 흔적을 남기기도 한다”며 “그래서 (북한이) 과거 해킹과 같은 날짜(11월27일)를 택한 것으로 본다”고 했다. 해킹 사고일은 네이버 자회사 네이버파이낸셜과 업비트 운영사가 합병 관련 기자간담회를 연 날이기도 하다. 현재 금융감독원과 금융보안원이 업비트 현장 점검에 착수한 상태다. 한국인터넷진흥원(KISA)도 지원하고 있다. 정부 관계자는 “조사가 진행 중으로 공격 주체를 이야기할 수 있는 단계는 아니다”라고 말했다. 전날 해킹 사고로 솔라나, 오피셜트럼프 등 24개 가상자산이 총 165개의 각기 다른 주소로 유출됐다. 업비트는 가상자산을 모두 콜드월렛(오프라인 개인지갑)으로 이전하고 한국인터넷진흥원(KISA)과 금융당국에 신고했다. 해킹 피해액은 전액 업비트 자산으로 충당할 예정이다."
경제,,"동원F&amp;B, 식품 전문 온라인몰 ‘동원몰·더반찬&amp;’ 통합한다",https://www.khan.co.kr/article/202511281422001/?utm_source=khan_rss&utm_medium=rss&utm_campaign=economy_news,"동원F&amp;B“이제는 동원몰을 찾으세요”동원F&amp;B가 식품 전문 온라인몰 ‘동원몰’과 반찬 전문 온라인몰 ‘더반찬&amp;’을 통합한다.28일 동원F&amp;B에 따르면 이번 통합은 이원화되어 있던 온라인 역량을 하나로 모아 급변하는 이커머스 시장에서 차별화된 경쟁력을 확보하기 위한 전략적 결정이다. 동원F&amp;B는 이를 통해 통합 회원 관리,···","“이제는 동원몰을 찾으세요” 동원F&B가 식품 전문 온라인몰 ‘동원몰’과 반찬 전문 온라인몰 ‘더반찬&’을 통합한다. 28일 동원F&B에 따르면 이번 통합은 이원화되어 있던 온라인 역량을 하나로 모아 급변하는 이커머스 시장에서 차별화된 경쟁력을 확보하기 위한 전략적 결정이다. 동원F&B는 이를 통해 통합 회원 관리, 물류 시스템 일원화, 마케팅 효율화 등의 효과를 기대하고 있다. 이에 따라 앞으로는 동원몰에서 기존 상품을 구매할 때 더반찬&의 국탕찌개, 볶음류, 양념육 등 신선 간편식도 함께 주문해 합배송 받을 수 있게 된다. 특히 더반찬&의 새벽배송 서비스가 동원몰에 새롭게 도입돼 고객 편의성이 한층 높아진다. 더반찬& VIP 회원에게는 동원몰 유료 멤버십 ‘밴드플러스’ 혜택도 제공한다. 더반찬&은 12월 29일 운영을 종료하며 회원들은 12월 15일부터 내년 1월 31일까지 통합 회원 전환을 신청할 수 있다. 통합 회원으로 전환한 고객에게는 감사 쿠폰 1만원을 준다. 동원F&B 관계자는 “온라인몰을 하나로 통합, 트래픽을 모아 데이터 기반의 맞춤형 마케팅을 전개할 예정”이라면서 “자사몰을 통한 D2C(Direct to Consumer, 소비자 직접 판매) 전략을 강화해 차별화된 고객 경험을 제공하는 종합 식품 플랫폼으로 도약할 것”이라고 말했다. 동원몰은 동원그룹 관련 3000여 종의 식품, 식자재를 포함해 국내외 유명 브랜드의 식품, 생활·주방용품 등 총 13만 여 종의 제품을 판매하고 있는 식품 전문 온라인몰로 누적 회원수는 160만 명이다. 더반찬&은 셰프와 조리원이 직접 조리한 수제 간편식(HMR)을 비롯해 500여 가지 신선식품을 선보이고 있는 반찬 전문 온라인몰이다."
경제,,"“중국인이 90% 늘었어요”…업계, 단체관광 무비자 입국 연장 건의",https://www.khan.co.kr/article/202511281405001/?utm_source=khan_rss&utm_medium=rss&utm_campaign=economy_news,외국인 관광객들이 지난 10월12일 서울 중구 명동거리에서 화장품을 구경하고 있다. 문재원 기자관광업계가 정부에 중국 단체관광 무비자 입국 제도의 연장을 건의했다. 내년 6월까지 한시적으로 운영하는 이 제도로 중국 관광객 방문과 매출이 눈에 띄게 늘어나면서다.대한상공회의소는 28일 서울 소공동 롯데호텔에서 제26회 문화관광산업위원회 회의를 개최했다고 밝혔다···,"외국인 관광객들이 지난 10월12일 서울 중구 명동거리에서 화장품을 구경하고 있다. 문재원 기자 관광업계가 정부에 중국 단체관광 무비자 입국 제도의 연장을 건의했다. 내년 6월까지 한시적으로 운영하는 이 제도로 중국 관광객 방문과 매출이 눈에 띄게 늘어나면서다. 대한상공회의소는 28일 서울 소공동 롯데호텔에서 제26회 문화관광산업위원회 회의를 개최했다고 밝혔다. 이날 회의에는 김대현 문화체육관광부 제2차관을 비롯해 항공·호텔·관광·콘텐츠·외식 분야 기업·단체 대표 20여명이 참석했다. 대한상의에 따르면, 관광업계는 이날 회의에서 중국인 단체 관광객을 대상으로 하는 무비자 입국 제도를 연장할 것을 건의했다. 정부는 관광 수요 진작을 위해 지난 9월29일부터 내년 6월까지 중국인 단체관광객을 대상으로 무비자 입국을 시행했는데, 관광객 유치 효과와 경제적 파급효과가 커 추가 연장이 필요하다는 것이다. 실제 중국인 관광객이 많이 찾는 신세계면세점 명동점은 제도 시행 뒤 한 달간 중국인 방문객이 지난해 대비 90% 많아지고, 매출도 40% 늘었다고 대한상의는 전했다. 중국인 관광객들이 한국에서 지출하는 비용도 일본, 필리핀 등 인접국과 비교했을 때 많았다. 문체부가 지난 5월 발간한 ‘2024년 외래관광객조사 보고서’를 보면, 방한 중국인 관광객 1명의 평균 지출 경비(국제교통비 제외)는 1622달러(약 238만원)로, 일본(806달러·118만원), 대만(1266달러·185만원), 말레이시아(1377달러·201만원), 홍콩(1435달러·210만원)보다 많았다. 이날 회의에서는 문화콘텐츠 산업과 관광 산업을 연계해 상승효과를 창출해야 한다는 논의도 이뤄졌다. 관광객들이 방한에 관심을 갖는 계기로 ‘한류 콘텐츠’(38.3%·문체부)를 가장 많이 꼽는 만큼, 문화콘텐츠를 관광자원으로 발전시켜야 한다는 취지다. 넷플릭스 시리즈 <흑백요리사>의 모은설 작가는 이날 주제 발표에서 “잘 만든 K콘텐츠와 IP는 관광·외식·유통 등 연관 산업의 매출 규모를 키울 뿐만 아니라 국가 브랜드가 되어 경제에 전방위적인 파급효과를 만든다”며 “한국의 이야기를 글로벌로 확장해 나가고, 문화콘텐츠를 관광자원으로 발전시켜야 한다”고 말했다."
경제,,"국내 투자 늘린 외국계 기업, 정기 세무조사 최대 2년 유예",https://www.khan.co.kr/article/202511281328001/?utm_source=khan_rss&utm_medium=rss&utm_campaign=economy_news,"임광현 국세청장, 암참 만나 ‘외국계 기업 세정 지원방안’ 발표임광현 국세청장(오른쪽 첫 번째)이 28일 서울 영등포구 주한미국상공회의소(암참)에서 암참과 간담회를 열고 발언하고 있다. 국세청 제공국세청이 국내 투자를 늘린 외국계 기업에 정기 세무조사를 최대 2년간 유예해준다.임광현 국세청장은 28일 서울 영등포구 주한미국상공회의소(암참) 사무실에서 암참과···","임광현 국세청장, 암참 만나 ‘외국계 기업 세정 지원방안’ 발표 임광현 국세청장(오른쪽 첫 번째)이 28일 서울 영등포구 주한미국상공회의소(암참)에서 암참과 간담회를 열고 발언하고 있다. 국세청 제공 국세청이 국내 투자를 늘린 외국계 기업에 정기 세무조사를 최대 2년간 유예해준다. 임광현 국세청장은 28일 서울 영등포구 주한미국상공회의소(암참) 사무실에서 암참과 간담회를 열고 이러한 내용의 ‘외국계 기업 세정 지원 방안’을 발표했다. 정기 세무조사 유예 대상은 세무조사 사전통지일이 속하는 사업연도에 투자 금액을 전년 대비 10%(중소기업) 또는 20%(중견기업) 이상 증가시킬 계획이 있는 기업이다. 통상 중소기업을 대상으로 하는 세무조사 유예를 중견기업까지 확대한 것이다. 외국계 기업만을 대상으로 한 세무조사 유예는 이번이 처음이다. 이번 조치는 다음 달 1일부터 시행한다. 국세청은 지난 9월부터 운영 중인 ‘인공지능(AI) 대전환 추진단’에서 AI 기반 외국어 상담 시스템도 구축할 예정이다. 외국계 기업과 외국인의 AI 세금 상담을 쉽게 한다는 취지다. 외국계 기업의 본사 소재지국과 국내에서 같은 소득에 대해 중복으로 과세하지 않도록 하는 ‘정상가격 산출 방법 사전승인(APA)’을 빠르게 추진하기로 했다. APA는 납세자가 국외 특수관계자와의 거래에서 적용할 정상가격 결정방법과 범위에 대해 과세당국과 사전에 서로 합의하는 제도다. 외국계 기업을 대상으로 내년 6월 최초 신고하는 글로벌 최저한세 설명회도 열 계획이다."
경제,,10월 서울 주택 매매 1만5500건…지난해 2배 넘어,https://www.khan.co.kr/article/202511281122001/?utm_source=khan_rss&utm_medium=rss&utm_campaign=economy_news,"지난달 17일 서울 도심 아파트 모습. 문재원 기자지난달 서울 주택 매매 거래량이 전년 동월의 두배 수준으로 늘어난 것으로 집계됐다.국토교통부가 28일 발표한 10월 주택통계에 따르면 10월 서울 주택 매매 거래량은 1만5531건으로 전월(1만995건)보다 41.3% 증가했다.이는 전년 동월(7164건) 대비로는 116.8% 늘어난 것이고, 최근 5년 10···","지난달 17일 서울 도심 아파트 모습. 문재원 기자 지난달 서울 주택 매매 거래량이 전년 동월의 두배 수준으로 늘어난 것으로 집계됐다. 국토교통부가 28일 발표한 10월 주택통계에 따르면 10월 서울 주택 매매 거래량은 1만5531건으로 전월(1만995건)보다 41.3% 증가했다. 이는 전년 동월(7164건) 대비로는 116.8% 늘어난 것이고, 최근 5년 10월 평균과 비교해도 123.2% 증가한 수준이다. 올해 1~10월 누계로 보면 서울 주택 매매 거래량은 11만670건으로 전년 동기 대비 38% 증가했다. 5년 평균과 비교해도 22.9% 높은 수준이다. 지난달 분양 승인을 받은 서울 공동주택은 3022가구로 전년 동월(2771가구) 대비 9.1% 증가했다. 하지만 10월 누적 실적은 1만2219가구로 전년 동기(2만578가구) 대비 40.6% 줄어든 수준이다. 서울을 포함한 수도권 공동주택 분양 승인은 지난달 1만4681가구로 전년 같은기간(1만6074가구)보다 8.7% 줄었다. 1~10월 누계로는 9만415가구로 전년 동기 대비 9.1% 감소했다. 서울 지역의 10월 착공은 2861가구로 전년 동월(1028가구) 대비 177.3% 늘었다. 10월 누적 실적은 1만8793가구로 전년 동기(1만8564가구) 대비 1.2% 증가한 수준이다. 서울 10월 준공은 2025가구로 전년 동월 대비 40.2% 감소했다. 10월 누계로는 4만3018가구로 전년 동기보다 100.3% 증가했다. 10월 말 기준 전국의 미분양 주택은 6만9069가구로 전월(6만6762가구) 대비 3.5% 증가했다. 이 가운데 ‘악성 미분양’으로 불리는 준공 후 미분양은 2만8080가구로 전월(2만7248가구)보다 3.1% 늘었다. 악성 미분양의 84.5%는 비수도권(2만3733가구) 소재 주택이다."
경제,,유튜버 등 크리에이터 미디어 산업 연매출 5.5조원···사업체 수는 감소,https://www.khan.co.kr/article/202511281104011/?utm_source=khan_rss&utm_medium=rss&utm_campaign=economy_news,로이터연합뉴스지난해 국내 디지털 크리에이터 미디어 산업 매출액이 5조5500억원으로 증가세를 이어간 것으로 나타났다. 산업의 무게중심이 광고·마케팅·커머스 분야로 옮겨가는 흐름도 확인됐다.방송미디어통신위원회와 한국전파진흥협회는 이 같은 내용의 ‘2025년 디지털 크리에이터 미디어 산업 실태조사’ 결과를 28일 발표했다. 디지털 크리에이터 미디어 산업은 온라···,"지난해 국내 디지털 크리에이터 미디어 산업 매출액이 5조5500억원으로 증가세를 이어간 것으로 나타났다. 산업의 무게중심이 광고·마케팅·커머스 분야로 옮겨가는 흐름도 확인됐다. 방송미디어통신위원회와 한국전파진흥협회는 이 같은 내용의 ‘2025년 디지털 크리에이터 미디어 산업 실태조사’ 결과를 28일 발표했다. 디지털 크리에이터 미디어 산업은 온라인 비디오 플랫폼을 기반으로 콘텐츠를 만들고 공유하는 데 필요한 다양한 활동을 포괄하는 산업을 말한다. 지난해 기준 관련 사업체 수는 1만1089개로 전년보다 17.9% 줄었다. 분야별로는 광고·마케팅·커머스 6346개, 영상제작 및 제작지원 4154개, 크리에이터 마케팅 에이전시 491개, 온라인 비디오 공유 플랫폼 98개였다. 총 사업체 수는 줄었지만 광고·마케팅·커머스 사업체가 전년 대비 197.7% 급증하며 산업 내 주력 분야로 떠올랐다. 방송미디어통신위원회 제공 산업 총 매출액은 5조5503억원으로 전년 대비 4.4% 증가했다. 분야별로 보면 영상제작 및 제작지원 2조2084억원, 광고·마케팅·커머스 1조9889억원, 온라인 비디오 공유 플랫폼 8051억원, 크리에이터 마케팅 에이전시 5479억원이었다. 매출 5억원 미만 업체가 71.7%(7879개)로 대다수를 차지했다. 기업 종사자 수는 4만3717명으로 전년 대비 3.2% 늘었다. 하지만 종사자 5인 미만 사업체가 85.7%(9504개)로 산업 생태계가 여전히 영세 사업체 중심이었다. 30대 이하 청년 종사자 비중은 52.3%였다. 자체 콘텐츠를 만드는 사업체는 전체의 41.9%(4651개)로 연평균 76.4편을 제작했다. 콘텐츠 유형은 정보 전달형(39.5%)과 리뷰형(32.5%)이 가장 많았다. 자기계발·교육형(9.2%), 취미·전문분야 공유형(8.0%), 오락·예능형(6.3%), 라이프스타일 공유형(3.9%)이 뒤를 이었다. 주로 콘텐츠를 유통하는 온라인 플랫폼은 유튜브(65.9%), 인스타그램(12.9%), 네이버클립(7.9%) 순이었다. 강도성 방미통위 방송미디어진흥국장은 “해당 산업은 광고·마케팅·커머스와 융합해 새로운 형태로 확장되는 등 질적 성장을 보여주고 있다”며 “이번 조사 결과를 바탕으로 크리에이터와 사업체의 고부가 가치 창출과 글로벌 진출을 위해 다양한 지원책을 마련할 예정”이라고 말했다."
경제,,충남 태안군 “통발 반납하고 현금 받아가세요”,https://www.khan.co.kr/article/202511281011001/?utm_source=khan_rss&utm_medium=rss&utm_campaign=economy_news,"‘어구보증금제 회수관리 사업’ 내년 확대자망·부표까지 수거…최대 4300원 환급어구보증금 회수관리 사업 홍보물. 태안군 제공충남 태안군은 해양쓰레기 저감을 위해 ‘어구보증금제 회수관리 사업’을 추진하고 있다고 28일 밝혔다.어구보증금제는 어구 판매 시 일정 금액의 보증금을 포함해 어업인에게 제공하고, 사용이 끝난 어구를 지정 장소에 반납하면 보증금을 환급해···","‘어구보증금제 회수관리 사업’ 내년 확대 자망·부표까지 수거…최대 4300원 환급 어구보증금 회수관리 사업 홍보물. 태안군 제공 충남 태안군은 해양쓰레기 저감을 위해 ‘어구보증금제 회수관리 사업’을 추진하고 있다고 28일 밝혔다. 어구보증금제는 어구 판매 시 일정 금액의 보증금을 포함해 어업인에게 제공하고, 사용이 끝난 어구를 지정 장소에 반납하면 보증금을 환급해 주는 자발적 회수 제도로 지난해 1월부터 시행 중이다. 현재 대상 품목은 스프링·원형·반구형·사각·붉은대게 통발 등이며, 종류에 따라 개당 최대 4300원까지 되돌려 받을 수 있다. 참여를 원하는 어업인은 ‘어구보증금관리시스템(fdp.or.kr)’에 접속해 회원가입 후 어선명·업종·허가번호 등을 입력하면 된다. 태안군은 올해 총 사업비 5000만원(국비 2500만원·도비 750만원·군비 1750만원)을 투입해 안면도수협을 위탁기관으로 지정하고, 안면읍 백사장항에서 매주 월~금요일 폐어구 수거 및 처리 작업을 진행하고 있다. 군은 어업인 참여 확대를 위해 내년 1월부터 회수 품목을 통발 외에 자망, 부표, 장어통발까지 넓히고 홍보 활동도 강화할 계획이다. 군 관계자는 “어구보증금제는 해양환경 보전과 수산자원의 지속적 활용을 위한 중요한 제도”라며 “해양쓰레기 발생을 줄이고 청정 해역을 유지하기 위한 이번 사업에 어업인들의 참여를 바란다”고 말했다."
경제,,"충남 ‘아프리카돼지열병’ 잦아드나…당진, 10&#13214; 방역대 시료 645점 ‘전부 음성’",https://www.khan.co.kr/article/202511281009001/?utm_source=khan_rss&utm_medium=rss&utm_campaign=economy_news,지역 121개 양돈농가도 이상 없어충남 당진의 한 양돈농가에서 방역당국이 ASF 확산을 막기 위해 소독 작업을 진행하고 있다. 당진시 제공충남 당진시는 송산면 무수리 양돈농가에서 아프리카돼지열병(ASF)이 발생한 것과 관련해 10&#13214; 방역대 내 농가에서 채취한 시료 645점이 모두 음성으로 확인됐다고 28일 밝혔다.지역 양돈농가 121곳을 대상으···,"지역 121개 양돈농가도 이상 없어 충남 당진의 한 양돈농가에서 방역당국이 ASF 확산을 막기 위해 소독 작업을 진행하고 있다. 당진시 제공 충남 당진시는 송산면 무수리 양돈농가에서 아프리카돼지열병(ASF)이 발생한 것과 관련해 10㎞ 방역대 내 농가에서 채취한 시료 645점이 모두 음성으로 확인됐다고 28일 밝혔다. 지역 양돈농가 121곳을 대상으로 한 전화 예찰에서도 전부 이상 없음으로 파악됐다. 시에 따르면 확진 농장을 포함해 관리 대상 3개 농장에 대한 살처분은 지난 26일 마무리됐다. 살처분 규모는 1810마리며, 농장 내 액비저장조 200t과 FRP 저장조 2대도 함께 매몰 조치했다. 시는 발생농가 주변에 공동방제단 소독차량을 고정 배치해 농장과 인근 도로를 집중 소독하고 있다. 방역본부 초동 방역팀은 농장 출입을 통제하며 역학조사를 진행 중이다. 발생지 일대에는 3개 통제초소를 설치해 차량 소독과 출입 관리를 강화하고, 도축장·사료 차량 등 역학 관련 차량에 대해서는 이동 제한 또는 세척·소독 명령을 시행하고 있다. 이와 함께 야생동물 접근을 막기 위한 외부 울타리 등 8대 방역시설을 점검하고, 읍면동 마을방송과 축산단체를 통해 농가에 방역수칙을 안내하고 있다. 당진시 관계자는 “현재까지 방역대 내 모든 검사 결과가 음성으로 나온 것은 다행이지만, ASF는 한 번 확산되면 피해가 막대한 만큼 농가의 철저한 차단방역이 무엇보다 중요하다”며 “출입통제와 소독을 강화하고, 임상 이상 발견 시 즉시 신고하는 등 적극적인 협조를 당부한다”고 말했다. “확산만은 막아야 할텐데”···전국 최대 돼지사육지 홍성 양돈농가 초비상 충남 홍성 장곡면에서 돼지 3000여마리를 키우는 이대한씨(43)는 26일 경향신문과의 통화에서 “지금 농가 분위기는 말 그대로 초비상”이라고 했다. 전날 홍성 인근의 충남 당진에서 아프리카돼지열병(ASF) 급성형이 처음 확인되면서 홍성 일대 양돈농가에 경계령이 내려진 상황이다. 그는 “정부 발표 전날 저녁 온라인 커뮤니티에서 ‘ASF 의심 개체가 나... https://www.khan.co.kr/article/202511261144011"
경제,,정비사업 공공기여 활용한 첫 ‘어린이병원’ 들어선다,https://www.khan.co.kr/article/202511281000001/?utm_source=khan_rss&utm_medium=rss&utm_campaign=economy_news,자양5구역 공공기여로 어린이병원 건립소아청소년 경증·중등증 2차병원 규모어린이병원 조감도(안). 서울시 제공.서울시내 재개발 구역 공공기여를 활용한 어린이병원이 광진구에 처음으로 설립된다.서울시는 지난 27일 도시재정비위원회 심의를 통해 자양5재정비촉진구역 내 ‘어린이병원’ 건립 계획을 확정해 공공기여의 새로운 활용 모델을 마련했다고 28일 밝혔다.시에 따···,"자양5구역 공공기여로 어린이병원 건립 소아청소년 경증·중등증 2차병원 규모 어린이병원 조감도(안). 서울시 제공. 서울시내 재개발 구역 공공기여를 활용한 어린이병원이 광진구에 처음으로 설립된다. 서울시는 지난 27일 도시재정비위원회 심의를 통해 자양5재정비촉진구역 내 ‘어린이병원’ 건립 계획을 확정해 공공기여의 새로운 활용 모델을 마련했다고 28일 밝혔다. 시에 따르면 이번 계획 확정으로 서울 강북 지역에 저출생·고령화 대응을 위한 필수 공공의료 기반이 마련될 예정이다. 어린이병원은 부지 2500㎡, 연 면적 1만400㎡(총 9개 층) 규모로 건립된다. 시는 “공공기여로 조성되는 첫 보건의료시설인 자양5구역 어린이병원은 부지 매입비와 건축비 등 초기 투자 비용을 절감할 수 있게 됐다”며 “시 재정 부담을 줄이고 복잡한 행정절차도 간소화돼 신속한 건립이 가능할 것”이라고 전망했다. 다만 건립 일정은 민간 재개발사업 추진 일정에 따라 진행돼 건립 시기 등이 일부 조정될 수 있다. 어린이병원은 소아·청소년의 경증 및 중등증 치료가 가능한 2차 병원 규모로 건립된다. 이로 인해 그간 부족했던 강북권 소아·청소년 의료시설 확충에 실질적인 도움을 줄 것이라고 시는 기대했다. 병상 규모는 약 80병상으로 내과계를 중심으로 한 6개과(소아청소년·소아내분비·24시 진료실 등)와 의료인력 89명(의사 11명, 간호사 21명 등)이 배치될 예정이다. 이동률 서울시 시민건강국장은 “자양5구역 어린이병원은 시민의 공공의료 접근성을 실질적으로 높이는 첫 공공기여 기반 보건의료시설”이라며 “이는 동북권 어린이병원 건립과 별개 사업으로, 동북권 어린이병원 건립 또한 지속적으로 추진할 계획”이라고 말했다. 한편 5년째 장기표류중인 동북권 어린이병원 건립은 병원 용지 확보와 소아·청소년 전문의 수급 문제, 시 재정 부담 등을 감안해 시기를 조정하며 계속 추진할 예정이다."
경제,,새들의 천국으로 놀러 오세요…연평도 ‘새 굿즈’ 인천 대표 관광기념품으로 선정,https://www.khan.co.kr/article/202511280942001/?utm_source=khan_rss&utm_medium=rss&utm_campaign=economy_news,공모전 대상에 키링세트 ‘평화로운 공존’인천의 새로운 관광기념품으로 선정된 ‘연평도의 새들을 형상화한 키링세트’  인천시 제공인천을 대표할 새 관광기념품 7점이 선정됐다.인천시는 지역을 대표하는 관광기념품 발굴을 위한 공모전을 통해 새로운 관광기념품 7점을 선정했다고 28일 밝혔다.공모전에는 11개 업체에서 12점의 작품이 접수됐다. 인천의 지역 특성과 도···,"공모전 대상에 키링세트 ‘평화로운 공존’ 인천의 새로운 관광기념품으로 선정된 ‘연평도의 새들을 형상화한 키링세트’  인천시 제공 인천을 대표할 새 관광기념품 7점이 선정됐다. 인천시는 지역을 대표하는 관광기념품 발굴을 위한 공모전을 통해 새로운 관광기념품 7점을 선정했다고 28일 밝혔다. 공모전에는 11개 업체에서 12점의 작품이 접수됐다. 인천의 지역 특성과 도시브랜드, 캐릭터를 활용한 공예품과 공산품, 가공·기능식품 등 다양한 분야의 작품들이 출품됐다. 심사를 거쳐 대상 1점과 최우수상 1점, 우수상 1점, 장려상 4점 등 7점이최종 선정됐다. 대상은 연평바다살리기영어조합법인이 제출한 연평도의 새들을 형상화한 킬링세트인 ‘평화로운공존’이 수상했다. 최우수상은 두 손의 여행용 친환경 세제인 ‘그린피쉬 그린씰’, 우수상은 인더로컬 협동조합의 커피 드립백 ‘인천로컬 포춘드립’이 차지했다. 장려상은 연평바다살리기영어조합법인의 꽃게, 새우, 다시마 소스 등 ‘연평바다의 맛 연평꽃새다 3종’, 섬앤섬의 키링 컵받침 세트와 메모텍인 ‘상상 섬 깃대마을’, 타베미니의 짜장면, 쫄면, 차이나타운 간식 키링 세트 ‘인천의 맛 기념 열쇠고리 세트’, 프리즘 테이블의 정원과 화분 장식용품인 ‘인천 등대 가든픽’ 등이다. 수상자들에게는 인천시장 상장과 함께 대상 300만원, 최우수상 200만원, 우수상 100만원의 상금이 수여됐다. 인천시는 모든 수상작들에 대해 판매 활성화를 위한 적극적인 홍보 및 마케팅 지원할 예정이며. 인천관광안내소에서 상품 전시와 판매도 진행할 방침이다. 유정복 인천시장은 “이번 수상작들이 인천의 대표 관광기념품으로 자리 잡아 국내외 관광객들에게 오래도록 기억에 남을 특별한 추억을 담은 기념품이 될 수 있도록 홍보와 지원을 아끼지 않겠다”고 말했다. 인천의 새로운 관광기념품으로 선정된 여행용 친환경 세제. 인천시 제공"
경제,,‘반도체 기저효과’에 생산 5년 8개월만에 최대폭 감소···소비는 석 달만에 반등,https://www.khan.co.kr/article/202511280802001/?utm_source=khan_rss&utm_medium=rss&utm_campaign=economy_news,사진은 14일 경기도 평택항에 컨테이너가 쌓여 있는 모습. 연합뉴스‘반도체 기저효과’의 영향으로 10월 산업생산이 5년 8개월만에 가장 큰 감소폭을 기록했다. 반도체 생산 감소의 여파로 설비투자도 급감했다. 건설 실적도 추석 연휴 등의 영향으로 20% 넘게 줄며 역대 최대 감소했다.국가데이터처가 28일 발표한 10월 산업활동동향을 보면 지난달 전산업 생산은···,"사진은 14일 경기도 평택항에 컨테이너가 쌓여 있는 모습. 연합뉴스 ‘반도체 기저효과’의 영향으로 10월 산업생산이 5년 8개월만에 가장 큰 감소폭을 기록했다. 반도체 생산 감소의 여파로 설비투자도 급감했다. 건설 실적도 추석 연휴 등의 영향으로 20% 넘게 줄며 역대 최대 감소했다. 국가데이터처가 28일 발표한 10월 산업활동동향을 보면 지난달 전산업 생산은 전월 대비 2.5% 감소했다. 지난 2020년 2월(-2.9%) 이후 5년 8개월만에 가장 큰 감소폭이다. 1년 전과 비교해도 생산이 3.6% 적다. 전산업 생산은 지난 8월 전월대비 0.3% 줄었다가 9월 1.3% 증가하는 등 한 달 주기로 등락을 반복하고 있다. 부문별로 보면 광공업 부문이 9월보다 4.0% 줄었다. 자동차(8.6%)는 생산이 늘었으나 반도체(-26.5%)가 크게 줄어든 영향이다. 반도체 생산 감소폭은 1982년 10월(-33.3%) 이후 43년 만에 가장 컸다. 전달 반도체 생산이 20% 넘게 늘어난 기저효과가 반영됐다. 데이터처는 다만 전반적인 반도체 생산 호조 흐름이 끊긴 것은 아니라고 설명했다. 투자 실적도 좋지 않다. 설비투자는 전월대비 14.1% 감소했다. 기계류(-12.2%)·운송장비(-18.4%)에서 투자가 크게 줄었다. 건설기성(실적)도 20.9% 급감했다. 1997년 7월 통계작성 이래 가장 큰 감소폭이다. 장기간 추석 연휴로 조업 일수가 줄어든 영향으로 풀이된다. 이두원 데이터처 경제동향통계심의관은 “반도체 지수가 역대 최고 수준으로 높아진 데 따른 기저효과가 작용했지만 전체적으로는 반도체 호황으로 견조한 흐름”이라며 “건설은 업황도 좋지 않지만 10월 긴 추석 연휴와 징검다리 연휴로 공사 현장에 쉬는 날이 길게 발생하면서 실적이 크게 줄었다”고 설명했다. 다만 소매판매는 전월보다 3.5% 늘며 석달 만에 반등에 성공했다. 2023년 2월 이후 2년 8개월만에 가장 높은 증가율이다. 승용차 등 내구재(-4.9%)는 소비가 줄었지만 음식료품 등 비내구재(7.0%), 의복 등 준내구재(5.1%)에서 소비가 늘었다. 정부의 2차 소비쿠폰 효과에 더해 긴 추석 연휴가 소비 심리 회복에 영향을 미친 것으로 보인다. 같은 내수 지표인 서비스업 생산은 도소매(-3.3%) 등에서 생산이 감소하면서 전월대비 0.6% 줄었다. 경기 상황을 보여주는 동행종합지수 순환변동치는 0.4포인트 하락했다. 경기 전망을 보여주는 선행 순환변동치는 보합세였다. 기획재정부 관계자는 “장기간 추석 연휴 등의 영향으로 월별 변동성이 크게 나타나는 모습”이라며 “산업활동 주요지표들은 대체로 개선 흐름을 지속하고 있고, 11월 소비심리가 8년 만에 최고 수준으로 상승한 것도 향후 경기에 긍정적인 영향을 미칠 것”이라고 말했다."
경제,,외국인 소유 국내주택 10만4000가구…중국인 소유 56.6%,https://www.khan.co.kr/article/202511280752001/?utm_source=khan_rss&utm_medium=rss&utm_campaign=economy_news,"지난달 17일 서울 도심의 아파트 모습. 문재원 기자외국인이 국내에서 보유한 주택이 약 10만4000가구로 집계됐다.국토교통부가 28일 발표한 외국인 토지·주택 보유 통계에 따르면 올 6월 말 기준으로 외국인이 소유한 국내 주택은 10만4065가구로, 작년 12월 대비 0.15% 증가했다.국내 전체 주택 중 외국인 소유 비중은 0.53%다. 주택을 소유한 ···","지난달 17일 서울 도심의 아파트 모습. 문재원 기자 외국인이 국내에서 보유한 주택이 약 10만4000가구로 집계됐다. 국토교통부가 28일 발표한 외국인 토지·주택 보유 통계에 따르면 올 6월 말 기준으로 외국인이 소유한 국내 주택은 10만4065가구로, 작년 12월 대비 0.15% 증가했다. 국내 전체 주택 중 외국인 소유 비중은 0.53%다. 주택을 소유한 외국인은 10만2477명이다. 소유 지역은 수도권이 7만5484가구(72.5%), 비수도권이 2만8581가구(27.5%)였다. 시도별로는 경기도가 4만794가구(39.2%)로 가장 많았고 이어 서울 2만4186가구(23.2%), 인천 1만504가구(10.1%), 충남 6천455가구(6.2%), 부산 3천160가구(3.0%) 등 순이었다. 소유자 국적은 중국이 5만8896가구(56.6%)로 절반을 넘었고 미국 2만2455가구(21.6%), 캐나다 6천433가구(6.2%), 대만 3천392가구(3.3%), 호주 1천959가구(1.9%) 등으로 집계됐다. 주택 유형은 아파트와 연립·다세대 등 공동주택(9만5150가구)이 대부분을 차지했고 단독주택은 8915가구였다. 보유 주택 수는 1채가 9만5717명(93.4%)으로 가장 많았고 2채 소유자는 5421명(5.3%), 3채 이상은 1399명(1.3%)으로 조사됐다. 외국인이 보유한 국내 토지 면적은 2억6829만9천㎡로 작년 말 대비 0.1% 늘었다. 이는 전체 국토 면적의 0.27%에 해당한다. 외국인 보유 토지의 공시지가는 33조9976억원으로 작년 말과 비교해 1.5% 증가했다. 미국인이 전체 외국인 소유 토지의 53.3%를 보유해 국적별 비중이 가장 컸고 이어 중국(8.0%), 유럽(7.1%), 일본(6.1%) 등 순이었다. 지역별로는 경기도가 18.5%를 차지했고 전남 14.7%, 경북 13.5% 등도 외국인 보유 면적이 컸다. 외국인이 보유한 토지 용도는 임야, 농지 등 기타용지가 67.7%로 가장 많았다. 그밖에 공장용지가 22.0%, 레저용지는 4.4%, 주거용지는 4.3% 등으로 집계됐다. 토지 보유 외국인 주체별로는 외국 국적 교포가 55.4%, 외국법인 33.6%, 순수 외국인 10.7%, 정부·단체 0.2% 등 순이었다. 국토부는 지난 8월21일 서울 전 지역과 경기도 23개 시군을 외국인 토지거래허가구역으로 지정한 점을 고려하면 올해 말까지 외국인 소유 토지와 주택의 증가율이 낮아질 것이라고 전망했다."
경제,,국내기업 경기전망 45개월 연속 부정적…업종별 양극화 뚜렷,https://www.khan.co.kr/article/202511280743001/?utm_source=khan_rss&utm_medium=rss&utm_campaign=economy_news,소규모 제조업 공장 밀집지역인 서울 영등포구 문래동의 전신주에 인력수급업체 전단이 붙어있다. 연합뉴스반도체·통신 ‘호조’ 건설 ‘부진’ 전망국내 기업들의 경기 전망이 3년 9개월 연속 부정적인 가운데 업종별 전망 차이가 벌어졌다는 분석이 나왔다.한국경제인협회(한경협)는 매출액 기준 600대 기업을 대상으로 조사한 12월 기업경기실사지수(BSI) 전망치가 9···,"반도체·통신 ‘호조’ 건설 ‘부진’ 전망 소규모 제조업 공장 밀집지역인 서울 영등포구 문래동의 전신주에 인력수급업체 전단이 붙어있다. 연합뉴스 국내 기업들의 경기 전망이 3년 9개월 연속 부정적인 가운데 업종별 전망 차이가 벌어졌다는 분석이 나왔다. 한국경제인협회(한경협)는 매출액 기준 600대 기업을 대상으로 조사한 12월 기업경기실사지수(BSI) 전망치가 98.7로 집계됐다고 28일 밝혔다. BSI가 기준치인 100보다 높으면 전월 대비 경기 전망이 긍정적이고 100보다 낮으면 부정적이라는 뜻이다. BSI 전망치는 2022년 4월(99.1)부터 45개월째 기준선 100을 하회하고 있다. 12월 경기 전망은 업종별로 엇갈렸다. 제조업 BSI는 전월 대비 4.9포인트 하락한 91.9로 2024년 4월부터 1년 9개월 연속 부진이 이어졌다. 비제조업 BSI(105.2)는 전월 대비 12.4포인트 상승해 5개월 만에 다시 기준선 100을 상회했다. 제조업 세부 업종 중에서는 일반·정밀기계 및 장비(119.0)와 반도체가 포함된 전자 및 통신장비(111.1)가 호조 전망을 보였다. 반면 비금속 소재 및 제품(69.2) 등 7개 업종은 부진 전망을 기록했다. 부동산 경기 둔화에 따라 비금속 소재·제품 업종이 부진하고, 철강 관세로 금속 및 금속가공 업황이 악화하면서 제조업 전반의 기업 심리가 위축되고 있다고 한경협은 분석했다. 비제조업 세부 업종은 전기·가스·수도(121.1), 숙박 및 외식(114.3), 정보통신(106.7), 전문, 과학·기술 및 사업지원서비스(106.7), 도소매 유통(105.1), 운수 및 창고(103.8)의 전망이 긍정적이었다. 반면 건설(95.5)은 연말 특수 등 계절적 요인에 따라 비제조 업종 중 유일하게 부진이 전망됐다. 12월 조사 부문별 BSI는 내수(98.1)·수출(97.3)·투자(95.0)를 비롯한 전 부문에서 부정 전망이 나타났다. 전 부문 부진은 지난해 7월 이후 1년 6개월째 이어지고 있다. 이상호 한경협 경제산업본부장은 “반도체를 중심으로 수출이 양호한 흐름을 보이고 있지만 환율 상승과 관세 부담으로 대다수 제조업종의 어려움이 지속되고 있다”고 말했다."
경제,,“관세전쟁이 ‘메이드 인 차이나’ 경쟁력 키울 것…한국 타격 우려”,https://www.khan.co.kr/article/202511280730001/?utm_source=khan_rss&utm_medium=rss&utm_campaign=economy_news,한 의류 판매상이 지난 4월 1일(현지시간) 뉴욕 타임스스퀘어에 있는 자신의 매장에서 트럼프 대통령의 대표 구호인 “미국을 다시 위대하게”라고 적힌 중국산 모자를 판매하고 있다. AP·연합뉴스한은 ‘중국의 수출국 다변화 가속화 현상’ 분석미국과 관세 전쟁 등으로 중국이 수출 대상 국가의 변화를 꾀하면서 오히려 중국 제조업의 지배력이 커져 한국 등 경쟁국이 ···,"한은 ‘중국의 수출국 다변화 가속화 현상’ 분석 한 의류 판매상이 지난 4월 1일(현지시간) 뉴욕 타임스스퀘어에 있는 자신의 매장에서 트럼프 대통령의 대표 구호인 “미국을 다시 위대하게”라고 적힌 중국산 모자를 판매하고 있다. AP·연합뉴스 미국과 관세 전쟁 등으로 중국이 수출 대상 국가의 변화를 꾀하면서 오히려 중국 제조업의 지배력이 커져 한국 등 경쟁국이 어려움을 겪을 수 있다는 경고가 나왔다. 한국은행은 27일 공개한 ‘최근 중국의 수출국 다변화 가속화 현상 평가’ 보고서에서 “미국 관세정책이 완화하더라도 미·중 경쟁은 이어질 가능성이 크고, 앞으로도 중국은 수출국 다변화 노력을 지속할 것”이라고 전망했다. 아울러 “수출국 다변화는 단기적으로 대(對)미국 수출 감소를 완충할 뿐 아니라, 중장기적으로는 신흥시장 등 미국 외 국가에서 ‘메이드 인 차이나(Made in China)’의 영향력을 키울 것”이라고 덧붙였다. 실제로 중국 통관기준 수출 증가율(전년동기대비)은 올해 1분기 5.6%에서 2분기 6.1%, 3분기 6.5%로 계속 높아지는 추세다. 당초 중국 수출은 미국의 관세 정책에 큰 타격을 받을 것으로 예상됐지만, 대미 수출 급감을 미국 외 국가로 수출을 늘려 완충하고 있다는 게 한은의 분석이다. 올해 2∼3분기 중국의 대미 수출은 26% 줄었지만, 같은 기간 EU·아세안·아프리카 등 미국 외 국가로 수출은 12% 증가했다. 이에 따라 중국 수출의 집중도를 반영한 HHI(허핀달·허쉬만 지수)가 올해 들어 큰 폭으로 떨어졌다. 한은은 “최근 중국의 수출국 다변화 가속화로 미국 이외 국가에서 중국산 수입 의존도가 빠르게 높아지고 있다”고 짚었다. 이어 “앞으로 중국 제조업 경쟁력에 인공지능(AI) 등 첨단기술 경쟁력까지 접목되면 ‘세계의 공장’으로서 중국의 역할이 더 강해지고 중국 제조업의 글로벌 지배력이 확대될 가능성이 있다”라며 이 과정에서 한국·독일·일본 등 다른 제조업 중심 국가의 어려움은 커질 것”이라고 분석했다."
경제,,닷새 사이 물류센터서 노동자 2명 사망···쿠팡 ‘책임 회피’ 언제까지,https://www.khan.co.kr/article/202511280601001/?utm_source=khan_rss&utm_medium=rss&utm_campaign=economy_news,물류·택배 업무 중 올해 7명 사망사과는커녕 개인 문제로 몰아‘심야배송’ 논란 속 내부서 자성 목소리각계각층서 구조적 문제 해결 촉구쿠팡 택배기사가 각 가정으로 배송할 택배를 찾아보고 있다. 쿠팡뉴스룸‘7명’. 올해 쿠팡 업무를 하다 사망한 노동자 수다. 이들 중에는 물류센터에서 일하던 일용직과 계약직은 물론 쿠팡과 계약한 대리점 소속 택배 배송 기사들이 ···,"물류·택배 업무 중 올해 7명 사망 사과는커녕 개인 문제로 몰아 ‘심야배송’ 논란 속 내부서 자성 목소리 각계각층서 구조적 문제 해결 촉구 쿠팡 택배기사가 각 가정으로 배송할 택배를 찾아보고 있다. 쿠팡뉴스룸 ‘7명’. 올해 쿠팡 업무를 하다 사망한 노동자 수다. 이들 중에는 물류센터에서 일하던 일용직과 계약직은 물론 쿠팡과 계약한 대리점 소속 택배 배송 기사들이 포함돼 있다. 사망 시간은 대부분 늦은 밤이나 새벽 시간대였다. 새벽배송으로 인한 심야노동이 노동자 건강권을 과도하게 침해한다는 논란이 불붙은 요즘, 잇단 노동자 사망사고까지 겹치면서 쿠팡이 사회적 책임을 다해야 한다는 목소리가 커지고 있다. 27일 업계에 따르면, 국내 유통업체로는 처음으로 지난해 ‘매출 40조원’을 달성한 쿠팡이 올해도 50조원에 육박하는 매출로 역대 최고 기록을 갈아치울 것으로 보인다. 쿠팡이 새로운 ‘유통공룡’으로 떠오를 수 있었던 데는 2014년 시작한 로켓배송 역할이 컸다. 로켓배송은 새벽배송(익일 오전 7시까지 배송)과 당일배송(오전 주문 시 당일 배송) 등으로 이어졌는데, 전국 곳곳에 구축한 물류망 덕분이었다. 업계 한 관계자는 “배송 속도경쟁에다 멤버십(와우) 구독, 온라인동영상서비스(OTT·쿠팡플레이) 등 쿠팡의 ‘록인(Lock in) 전략’이 지금은 성공 불문율처럼 됐다”며 “쿠팡이 만든 판에 다른 기업들이 들어가 있는 상황”이라고 말했다. 새벽배송 논란으로 업계는 술렁이고 있다. 쿠팡이 주문을 무제한으로 받으면서 지나치게 빠른 배송을 강조하다 보니 벌어지는 부작용이다. 택배업체들은 대개 한 번 상차 후 1회전 배송을 하지만 쿠팡은 2~3회전 배송을 한다. 특히 마감시간(주간 신선식품은 오후 8시, 야간 상품은 오전 7시)이 있는 배송 시스템이다 보니 노동자들은 뛰어야 한다. 택배 기사들뿐 아니라 물류센터 노동자들도 함께 고강도 업무에 시달린다는 것이다. 문제는 쿠팡이 촉발한 배송 경쟁이 갈수록 치열해지고 있다는 점이다. 국내 e커머스 시장에서 쿠팡과 양강 구도를 형성한 네이버도 컬리와 손잡고 새벽배송 서비스를 확대하고 있다. 업계 다른 관계자는 “부정적 이슈가 있을 때마다 정작 당사자인 쿠팡은 침묵으로 일관해왔다”며 “쿠팡이 여러 가지 업계 표준을 만들고 있어 새벽배송 논란 대응도 관심사”라고 말했다. 실제로 최근 닷새 사이 쿠팡 물류센터에서 노동자 2명이 사망했지만, 쿠팡은 사과는커녕 이렇다 할 입장 표명도 하지 않고 있다. 대신 숨진 노동자들의 월평균 근무 일수와 주당 근무 시간 등을 알리는 데 급급했다. 과로사가 아니라는 점을 강조하려는 의도로 풀이된다. 쿠팡의 이 같은 대응은 향후 책임을 피하기 위한 것이라는 게 업계 안팎의 공통된 지적이다. 심야노동 감축이나 대체인력 투입 등 개선안을 내놔야 할 수도 있기 때문이다. 매출은 성장세지만 좀처럼 1%대 영업이익률을 벗어나지 못하는 쿠팡으로서는 선뜻 나서기 힘들 것이라는 분석도 있다. 모회사 쿠팡Inc는 미국 뉴욕증권거래소 상장 기업인 만큼 주가나 투자자들을 신경 쓰지 않을 수 없을 것이라는 얘기다. 더불어민주당 주도로 지난 9월 출범한 ‘택배 분야 사회적 대화 기구’에 참여 중이라는 점도 쿠팡이 굳이 나서지 않는 이유로 보인다. 대화기구에 참여 중인 김남근 민주당 의원은 “심야업무가 과로사와 밀접한 영향이 있는지를 들여다보고 있다”며 “설날 전까지는 어느 정도 합의를 볼 것”이라고 말했다. 대화기구는 28일 3차 회의를 연다. 업계 한 관계자는 “새벽배송 품목 제한 등 절충안이 있을 것”이라며 “유통업계는 물론 한국 사회에 미치는 영향력이 큰 만큼 쿠팡도 사회적 책임을 논하는 시점이 온 것 같다”고 말했다. 쿠팡 내부에서도 자성의 분위기가 감지되고 있다. 쿠팡 사정을 잘 아는 업계 한 관계자는 “쿠팡 캐치프레이즈가 고객에게 큰 감동을 주자는 ‘와우 더 커스터머’(wow the customer)인데, 또 다른 고객인 노동자들을 위한 개선책이 나와야 한다는 목소리가 나오고 있다”며 “실무단이 안전 관리 부문에서 개선할 부분을 들여다보고 있는 것으로 안다”고 말했다. “노동을 점점 더 야간으로 밀어넣는 기업들···쿠팡의 ‘침묵’은 의도된 것” 민주노총 산하 전국택배노조는 지난달 택배 사회적 대화 기구에서 0시~오전 5시 배송 제한을 의제로 올렸다. 새벽배송 기사들의 과로사가 계속되고 있으니 최소한의 노동자 수면, 건강권을 보장하는 방안을 고민해보자는 취지였다. 여파는 생각보다 컸다. ‘새벽배송 금지’로 받아들인 사람들이 저마다 반론을 폈다. 새벽배송이 없어지면 소비자 선택권과 청년 일자리가... https://www.khan.co.kr/article/202511192122005"
경제,,‘주식하면 돈 번다면서요 ㅠㅠ’···고점에 물린 신규개미는 ‘울상’,https://www.khan.co.kr/article/202511280600031/?utm_source=khan_rss&utm_medium=rss&utm_campaign=economy_news,코스피 변동 컸던 10월 전후 계좌 개설‘신규 개미’ ‘기존 개미’ 국내 수익률 비교 ‘신규 개미 -0.85%’ ‘기존 개미 5.08%’뉴스에 사고팔아···뒤늦은 투자 줄줄이 손실일러스트 ｜ 생성형AI 제미나이 ‘나노바나나’ 올해 퇴직한 오모씨(60)는 ‘4000피’를 넘긴 지난달 말 삼성전자와 SK하이닉스로 뒤늦게 인생 첫 주식투자를 시작했다. ‘장밋빛 ···,"코스피 변동 컸던 10월 전후 계좌 개설 ‘신규 개미’ ‘기존 개미’ 국내 수익률 비교 ‘신규 개미 -0.85%’ ‘기존 개미 5.08%’ 뉴스에 사고팔아···뒤늦은 투자 줄줄이 손실 일러스트 ｜ 생성형AI 제미나이 ‘나노바나나’ 올해 퇴직한 오모씨(60)는 ‘4000피’를 넘긴 지난달 말 삼성전자와 SK하이닉스로 뒤늦게 인생 첫 주식투자를 시작했다. ‘장밋빛 전망’에 시작했는데 11월 들어 바로 ‘파란 계좌’를 보게 됐다. 그는 “평생 예금만 하다가 주변에서 주식으로 무조건 번다고 해서 이번에 큰맘 먹고 주식해봤다”며 “사고 나자마자 떨어져서 이럴 바에 예금이나 할 걸 그랬다”고 불안해했다. 코스피 지수가 크게 변동했던 올해 10월 이후 주식투자에 뛰어든 ‘신규개미’는 ‘기존개미’보다 수익률이 낮았던 것으로 나타났다. 기존개미가 국내주식에서 수익을 올린 반면, 신규개미는 국내주식에서 손실을 보고 해외주식에서도 기존개미보다 손실 폭이 컸다. 전문가들은 신규 투자자의 경우 경험 부족으로 뉴스에 사고파는 등 집단심리에 흔들리는 경향이 크다며 개별종목보단 상장지수펀드(ETF)나 분산투자를 통해 손실을 줄일 수 있다고 조언했다. 경향신문이 대형증권사 A사에 의뢰해 받은 4분기(10월1일~11월19일) 이후 신규 및 기존투자자의 기간 투자수익률 자료를 보면, 4분기 이후 계좌를 개설한 신규개미의 국내 주식 수익률은 -0.85%로 나타났다. 기존개미는 5.08%로 ‘수익권’에 있었다. 4분기 해외주식 수익률도 신규개미가 -5.4%, 기존개미가 -2.64%로 신규 투자자의 손실 폭이 컸다. 이번 분석에선 10월 1일 주식 계좌 개설한 이들을 신규 개미, 그 이전 계좌 개설자들이 기존 개미로 분류했다. 국내 신규 개미는 약 6만명, 기존 국내 개미는 250만명 가량이었다. 해외 신규는 약 3만명, 해외 기존 개미는 70만명 가량이다. 20대 이상 성인 기준으로만 보면, 신규 개미 중에서는 60대 수익률(-2.29%)이 가장 낮고, 기존 개미 중에서도 60대 이상 투자자 수익률(5.65%)이 가장 높았다. 60대 기존개미와 신규개미간 수익률 격차는 약 8%포인트에 달했다. 신규 개미 왜 수익률 낮을까 mp1128b신규기존투자자 전문가들은 신규 투자자가 상승 사이클에 늦게 들어오고, 이슈에 과도하게 반응하는 면이 없지 않다며 개별적 이슈에 흔들리지 않도록 지수를 따라가는 상품에 분산투자할 것을 권했다. 신승진 삼성증권 투자정보팀장은 “SK하이닉스를 싸게 산 게 아니라 60만원에 사는 등 항상 사이클에 뒤늦게 들어오는 자금들이 물리는 경우가 많다”며 “심리라는 것이 어쩔 수 없이 올라갈 땐 더 올라갈 것 같고 빠질 땐 무서워서 못 사는 현상들이 나오지 않았을까 싶다”고 말했다. 투자자 행동 전문가인 김민기 자본시장연구원 연구위원은 “신규투자자는 여러 상황 변화에 따른 대응을 하기엔 경험이 미숙하기 때문에 여러 가지 이슈에 의해 과도하게 반응한다”며 “정보량도 다르고, ‘누가 이런 걸 많이 산다더라’ 같은 외부 정보에 대해 더 빠르게 반응해 일종의 군집 행동으로 이어질 수 있다”고 말했다. 김 연구위원은 “개인이 직접 개별주식을 사고팔기보단 ETF 같은 분산 포트폴리오에 꾸준히 투자하는 게 불확실성을 낮추고 투자성과의 하방을 높이는 데는 효과적”이라고 말했다. 신 팀장은 “증시가 흔들린 원인은 IT버블보단 미국 단기 유동성 문제라고 생각해 셧다운 이슈도 해소되는 12월에 시장엔 안정화를 찾지 않을까 싶다”며 “조정받는 구간에선 분할 매수하고 많이 오른 구간에선 매수를 자제하는 것이 맞다”고 조언했다."
경제,,아이폰에 스포티파이를 쓴다면 유튜브 라이트 요금제로 갈아타볼까,https://www.khan.co.kr/article/202511280600021/?utm_source=khan_rss&utm_medium=rss&utm_campaign=economy_news,"연내 출시 예정 유튜브 라이트 요금제안드로이드 월 8500원, 아이폰 월 1만900원주요 음원 사이트 로고.구글이 동영상 단독 서비스인 ‘유튜브 라이트’ 요금제를 국내에서 연내 출시키로 하자 어떤 경우에 ‘갈아타기’에 유리할 지에도 관심이 쏠린다. 멜론·벅스 등 다른 음악 스트리밍 앱을 이용하는 아이폰 이용자가 갈아탈 경우 비용 절감 혜택이 가장 클 것으로···","연내 출시 예정 유튜브 라이트 요금제 안드로이드 월 8500원, 아이폰 월 1만900원 주요 음원 사이트 로고. 구글이 동영상 단독 서비스인 ‘유튜브 라이트’ 요금제를 국내에서 연내 출시키로 하자 어떤 경우에 ‘갈아타기’에 유리할 지에도 관심이 쏠린다. 멜론·벅스 등 다른 음악 스트리밍 앱을 이용하는 아이폰 이용자가 갈아탈 경우 비용 절감 혜택이 가장 클 것으로 보인다. 구글이 출시키로 한 유튜브 라이트 요금제는 공식 뮤직비디오·아트트랙(공식음원) 등 음악 콘텐츠를 제외한 콘텐츠를 중간 광고 없이 시청할 수 있는 서비스다. 특히 해외 라이트 요금제에는 없는 백그라운드 재생과 오프라인 재생 기능도 추가됐다. 가격은 안드로이드 기준 월 8500원, 아이폰 기준 월 1만900원이다. 기존 유튜브 프리미엄 요금제 대비 56~57% 수준이다. 안드로이드 기준 1년 구독 시 프리미엄 요금제 대비 7만7000원을 절약할 수 있다. 소비자는 취향에 따라 유튜브 동영상과 음악 결합인 유튜브 프리미엄(월1만4900원)과 유튜브 뮤직 단독 상품인 유튜브 뮤직프리미엄(월1만1900원) 새로 생길 유튜브 라이트 요금제(8500원) 중 하나를 선택할 수 있다. 만약 유튜브 뮤직이 아닌 스포티파이·멜론 등 다른 음원 스트리밍을 사용할 계획이 있다면 라이트 요금제 선택이 유리할 수 있다. 멜론의 경우 모바일 전용 스트리밍 클럽 정기결제 요금은 7590원, 벅스는 6900원이다. 스포티파이의 프리미엄 베이직(스트리밍 전용) 요금은 월 8690원 수준이다. 애플 뮤직 요금은 월 8900원이다. 아이폰 이용자 기준으로 보면 멜론과 라이트 요금제 결합 시 유튜브 프리미엄 요금제보다 월 요금이 1000원 가량 저렴하다. 벅스의 경우에는 약 1700원 더 싸다. 스포티파이 및 애플뮤직과 라이트요금제를 결합할 경우 경우에는 유튜브 프리미엄보다 요금이 각각 90원, 300원 더 비싸다. 안드로이드 기준으로는 ‘타사 음원 스트리밍+라이트 요금제’ 비용이 유튜브 프리미엄과 비교해 500~2000원 정도 비싸다. 다만 여기에 통신사·카드 할인 등을 더하면 요금제는 유튜브 프리미엄 요금제보다 저렴해질 가능성이 크다. 공정위는 백그라운드 재생 등 기능이 포함되면서 기존 프리미엄 요금제 이용자 중 상당수가 라이트 요금제로 이동할 수 있다고 보고 있다. 특히 유튜브로 음악을 거의 듣지 않는 소비자는 요금제를 바꿀 유인이 크다. 다만 이미 유튜브로 음악·동영상·쇼츠 등을 한 번에 해결하는 ‘생태계’가 구축된 상황이라 이탈하는 소비자가 미미할 것이라는 의견도 있다. 특히 영상과 음악을 고루 시청하는 소비자일 경우 앱을 여러 개 사용하는 것이 불편할 수 있다. 김문식 공정위 시장감시국장은 “국내 상당수 온라인 음악 서비스 사업자들은 유튜브 프리미엄과 유튜브 라이트간 가격 차이인 6400원 이하의 모바일 무제한 스트리밍 요금제를 자체 또는 통신사 할인으로 판매하고 있다”면서 “유튜브프리미엄 구독자 중 유튜브 뮤직 외의 타 온라인 음악 서비스로 전환을 희망하는 소비자들에게는 상당한 도움이 될 것”이라고 했다."
